<?xml version="1.0" encoding="UTF-8"?>
<!DOCTYPE mapper PUBLIC "-//mybatis.org//DTD Mapper 3.0//EN" "http://mybatis.org/dtd/mybatis-3-mapper.dtd">
<mapper namespace="cinema.ticket.booking.mapper.BookingMapper">
  <resultMap id="BaseResultMap" type="cinema.ticket.booking.model.Booking">
    <!--
      WARNING - @mbg.generated
      This element is automatically generated by MyBatis Generator, do not modify.
      This element was generated on Mon May 01 14:52:54 ICT 2023.
    -->
    <id column="bookingNumber" jdbcType="INTEGER" property="bookingnumber" />
    <result column="showId" jdbcType="INTEGER" property="showid" />
    <result column="seatId" jdbcType="INTEGER" property="seatid" />
    <result column="numberOfSeats" jdbcType="INTEGER" property="numberofseats" />
    <result column="createdOn" jdbcType="TIMESTAMP" property="createdon" />
    <result column="status" jdbcType="VARCHAR" property="status" />
  </resultMap>
  <sql id="Example_Where_Clause">
    <!--
      WARNING - @mbg.generated
      This element is automatically generated by MyBatis Generator, do not modify.
      This element was generated on Mon May 01 14:52:54 ICT 2023.
    -->
    <where>
      <foreach collection="oredCriteria" item="criteria" separator="or">
        <if test="criteria.valid">
          <trim prefix="(" prefixOverrides="and" suffix=")">
            <foreach collection="criteria.criteria" item="criterion">
              <choose>
                <when test="criterion.noValue">
                  and ${criterion.condition}
                </when>
                <when test="criterion.singleValue">
                  and ${criterion.condition} #{criterion.value}
                </when>
                <when test="criterion.betweenValue">
                  and ${criterion.condition} #{criterion.value} and #{criterion.secondValue}
                </when>
                <when test="criterion.listValue">
                  and ${criterion.condition}
                  <foreach close=")" collection="criterion.value" item="listItem" open="(" separator=",">
                    #{listItem}
                  </foreach>
                </when>
              </choose>
            </foreach>
          </trim>
        </if>
      </foreach>
    </where>
  </sql>
  <sql id="Update_By_Example_Where_Clause">
    <!--
      WARNING - @mbg.generated
      This element is automatically generated by MyBatis Generator, do not modify.
      This element was generated on Mon May 01 14:52:54 ICT 2023.
    -->
    <where>
      <foreach collection="example.oredCriteria" item="criteria" separator="or">
        <if test="criteria.valid">
          <trim prefix="(" prefixOverrides="and" suffix=")">
            <foreach collection="criteria.criteria" item="criterion">
              <choose>
                <when test="criterion.noValue">
                  and ${criterion.condition}
                </when>
                <when test="criterion.singleValue">
                  and ${criterion.condition} #{criterion.value}
                </when>
                <when test="criterion.betweenValue">
                  and ${criterion.condition} #{criterion.value} and #{criterion.secondValue}
                </when>
                <when test="criterion.listValue">
                  and ${criterion.condition}
                  <foreach close=")" collection="criterion.value" item="listItem" open="(" separator=",">
                    #{listItem}
                  </foreach>
                </when>
              </choose>
            </foreach>
          </trim>
        </if>
      </foreach>
    </where>
  </sql>
  <sql id="Base_Column_List">
    <!--
      WARNING - @mbg.generated
      This element is automatically generated by MyBatis Generator, do not modify.
      This element was generated on Mon May 01 14:52:54 ICT 2023.
    -->
    bookingNumber, showId, seatId, numberOfSeats, createdOn, status
  </sql>
  <select id="selectByExample" parameterType="cinema.ticket.booking.model.BookingExample" resultMap="BaseResultMap">
    <!--
      WARNING - @mbg.generated
      This element is automatically generated by MyBatis Generator, do not modify.
      This element was generated on Mon May 01 14:52:54 ICT 2023.
    -->
    select
    <if test="distinct">
      distinct
    </if>
    <include refid="Base_Column_List" />
    from Booking
    <if test="_parameter != null">
      <include refid="Example_Where_Clause" />
    </if>
    <if test="orderByClause != null">
      order by ${orderByClause}
    </if>
  </select>
  <select id="selectByPrimaryKey" parameterType="java.lang.Integer" resultMap="BaseResultMap">
    <!--
      WARNING - @mbg.generated
      This element is automatically generated by MyBatis Generator, do not modify.
      This element was generated on Mon May 01 14:52:54 ICT 2023.
    -->
    select 
    <include refid="Base_Column_List" />
    from Booking
    where bookingNumber = #{bookingnumber,jdbcType=INTEGER}
  </select>
  <delete id="deleteByPrimaryKey" parameterType="java.lang.Integer">
    <!--
      WARNING - @mbg.generated
      This element is automatically generated by MyBatis Generator, do not modify.
      This element was generated on Mon May 01 14:52:54 ICT 2023.
    -->
    delete from Booking
    where bookingNumber = #{bookingnumber,jdbcType=INTEGER}
  </delete>
  <delete id="deleteByExample" parameterType="cinema.ticket.booking.model.BookingExample">
    <!--
      WARNING - @mbg.generated
      This element is automatically generated by MyBatis Generator, do not modify.
      This element was generated on Mon May 01 14:52:54 ICT 2023.
    -->
    delete from Booking
    <if test="_parameter != null">
      <include refid="Example_Where_Clause" />
    </if>
  </delete>
  <insert id="insert" parameterType="cinema.ticket.booking.model.Booking">
    <!--
      WARNING - @mbg.generated
      This element is automatically generated by MyBatis Generator, do not modify.
      This element was generated on Mon May 01 14:52:54 ICT 2023.
    -->
    insert into Booking (bookingNumber, showId, seatId, 
      numberOfSeats, createdOn, status
      )
    values (#{bookingnumber,jdbcType=INTEGER}, #{showid,jdbcType=INTEGER}, #{seatid,jdbcType=INTEGER}, 
      #{numberofseats,jdbcType=INTEGER}, #{createdon,jdbcType=TIMESTAMP}, #{status,jdbcType=VARCHAR}
      )
  </insert>
  <insert id="insertSelective" parameterType="cinema.ticket.booking.model.Booking">
    <!--
      WARNING - @mbg.generated
      This element is automatically generated by MyBatis Generator, do not modify.
      This element was generated on Mon May 01 14:52:54 ICT 2023.
    -->
    insert into Booking
    <trim prefix="(" suffix=")" suffixOverrides=",">
      <if test="bookingnumber != null">
        bookingNumber,
      </if>
      <if test="showid != null">
        showId,
      </if>
      <if test="seatid != null">
        seatId,
      </if>
      <if test="numberofseats != null">
        numberOfSeats,
      </if>
      <if test="createdon != null">
        createdOn,
      </if>
      <if test="status != null">
        status,
      </if>
    </trim>
    <trim prefix="values (" suffix=")" suffixOverrides=",">
      <if test="bookingnumber != null">
        #{bookingnumber,jdbcType=INTEGER},
      </if>
      <if test="showid != null">
        #{showid,jdbcType=INTEGER},
      </if>
      <if test="seatid != null">
        #{seatid,jdbcType=INTEGER},
      </if>
      <if test="numberofseats != null">
        #{numberofseats,jdbcType=INTEGER},
      </if>
      <if test="createdon != null">
        #{createdon,jdbcType=TIMESTAMP},
      </if>
      <if test="status != null">
        #{status,jdbcType=VARCHAR},
      </if>
    </trim>
  </insert>
  <select id="countByExample" parameterType="cinema.ticket.booking.model.BookingExample" resultType="java.lang.Long">
    <!--
      WARNING - @mbg.generated
      This element is automatically generated by MyBatis Generator, do not modify.
      This element was generated on Mon May 01 14:52:54 ICT 2023.
    -->
    select count(*) from Booking
    <if test="_parameter != null">
      <include refid="Example_Where_Clause" />
    </if>
  </select>
  <update id="updateByExampleSelective" parameterType="map">
    <!--
      WARNING - @mbg.generated
      This element is automatically generated by MyBatis Generator, do not modify.
      This element was generated on Mon May 01 14:52:54 ICT 2023.
    -->
    update Booking
    <set>
      <if test="row.bookingnumber != null">
        bookingNumber = #{row.bookingnumber,jdbcType=INTEGER},
      </if>
      <if test="row.showid != null">
        showId = #{row.showid,jdbcType=INTEGER},
      </if>
      <if test="row.seatid != null">
        seatId = #{row.seatid,jdbcType=INTEGER},
      </if>
      <if test="row.numberofseats != null">
        numberOfSeats = #{row.numberofseats,jdbcType=INTEGER},
      </if>
      <if test="row.createdon != null">
        createdOn = #{row.createdon,jdbcType=TIMESTAMP},
      </if>
      <if test="row.status != null">
        status = #{row.status,jdbcType=VARCHAR},
      </if>
    </set>
    <if test="example != null">
      <include refid="Update_By_Example_Where_Clause" />
    </if>
  </update>
  <update id="updateByExample" parameterType="map">
    <!--
      WARNING - @mbg.generated
      This element is automatically generated by MyBatis Generator, do not modify.
      This element was generated on Mon May 01 14:52:54 ICT 2023.
    -->
    update Booking
    set bookingNumber = #{row.bookingnumber,jdbcType=INTEGER},
      showId = #{row.showid,jdbcType=INTEGER},
      seatId = #{row.seatid,jdbcType=INTEGER},
      numberOfSeats = #{row.numberofseats,jdbcType=INTEGER},
      createdOn = #{row.createdon,jdbcType=TIMESTAMP},
      status = #{row.status,jdbcType=VARCHAR}
    <if test="example != null">
      <include refid="Update_By_Example_Where_Clause" />
    </if>
  </update>
  <update id="updateByPrimaryKeySelective" parameterType="cinema.ticket.booking.model.Booking">
    <!--
      WARNING - @mbg.generated
      This element is automatically generated by MyBatis Generator, do not modify.
      This element was generated on Mon May 01 14:52:54 ICT 2023.
    -->
    update Booking
    <set>
      <if test="showid != null">
        showId = #{showid,jdbcType=INTEGER},
      </if>
      <if test="seatid != null">
        seatId = #{seatid,jdbcType=INTEGER},
      </if>
      <if test="numberofseats != null">
        numberOfSeats = #{numberofseats,jdbcType=INTEGER},
      </if>
      <if test="createdon != null">
        createdOn = #{createdon,jdbcType=TIMESTAMP},
      </if>
      <if test="status != null">
        status = #{status,jdbcType=VARCHAR},
      </if>
    </set>
    where bookingNumber = #{bookingnumber,jdbcType=INTEGER}
  </update>
  <update id="updateByPrimaryKey" parameterType="cinema.ticket.booking.model.Booking">
    <!--
      WARNING - @mbg.generated
      This element is automatically generated by MyBatis Generator, do not modify.
      This element was generated on Mon May 01 14:52:54 ICT 2023.
    -->
    update Booking
    set showId = #{showid,jdbcType=INTEGER},
      seatId = #{seatid,jdbcType=INTEGER},
      numberOfSeats = #{numberofseats,jdbcType=INTEGER},
      createdOn = #{createdon,jdbcType=TIMESTAMP},
      status = #{status,jdbcType=VARCHAR}
    where bookingNumber = #{bookingnumber,jdbcType=INTEGER}
  </update>
</mapper>