<?xml version="1.0" encoding="UTF-8"?>
<!DOCTYPE mapper PUBLIC "-//mybatis.org//DTD Mapper 3.0//EN" "http://mybatis.org/dtd/mybatis-3-mapper.dtd">
<mapper namespace="cinema.ticket.booking.mapper.CatalogMapper">
  <resultMap id="BaseResultMap" type="cinema.ticket.booking.model.Catalog">
    <!--
      WARNING - @mbg.generated
      This element is automatically generated by MyBatis Generator, do not modify.
      This element was generated on Mon May 01 14:50:18 ICT 2023.
    -->
    <id column="name" jdbcType="VARCHAR" property="name" />
    <result column="label" jdbcType="VARCHAR" property="label" />
    <result column="lastUpdated" jdbcType="TIMESTAMP" property="lastupdated" />
  </resultMap>
  <sql id="Example_Where_Clause">
    <!--
      WARNING - @mbg.generated
      This element is automatically generated by MyBatis Generator, do not modify.
      This element was generated on Mon May 01 14:50:18 ICT 2023.
    -->
    <where>
      <foreach collection="oredCriteria" item="criteria" separator="or">
        <if test="criteria.valid">
          <trim prefix="(" prefixOverrides="and" suffix=")">
            <foreach collection="criteria.criteria" item="criterion">
              <choose>
                <when test="criterion.noValue">
                  and ${criterion.condition}
                </when>
                <when test="criterion.singleValue">
                  and ${criterion.condition} #{criterion.value}
                </when>
                <when test="criterion.betweenValue">
                  and ${criterion.condition} #{criterion.value} and #{criterion.secondValue}
                </when>
                <when test="criterion.listValue">
                  and ${criterion.condition}
                  <foreach close=")" collection="criterion.value" item="listItem" open="(" separator=",">
                    #{listItem}
                  </foreach>
                </when>
              </choose>
            </foreach>
          </trim>
        </if>
      </foreach>
    </where>
  </sql>
  <sql id="Update_By_Example_Where_Clause">
    <!--
      WARNING - @mbg.generated
      This element is automatically generated by MyBatis Generator, do not modify.
      This element was generated on Mon May 01 14:50:18 ICT 2023.
    -->
    <where>
      <foreach collection="example.oredCriteria" item="criteria" separator="or">
        <if test="criteria.valid">
          <trim prefix="(" prefixOverrides="and" suffix=")">
            <foreach collection="criteria.criteria" item="criterion">
              <choose>
                <when test="criterion.noValue">
                  and ${criterion.condition}
                </when>
                <when test="criterion.singleValue">
                  and ${criterion.condition} #{criterion.value}
                </when>
                <when test="criterion.betweenValue">
                  and ${criterion.condition} #{criterion.value} and #{criterion.secondValue}
                </when>
                <when test="criterion.listValue">
                  and ${criterion.condition}
                  <foreach close=")" collection="criterion.value" item="listItem" open="(" separator=",">
                    #{listItem}
                  </foreach>
                </when>
              </choose>
            </foreach>
          </trim>
        </if>
      </foreach>
    </where>
  </sql>
  <sql id="Base_Column_List">
    <!--
      WARNING - @mbg.generated
      This element is automatically generated by MyBatis Generator, do not modify.
      This element was generated on Mon May 01 14:50:18 ICT 2023.
    -->
    name, label, lastUpdated
  </sql>
  <select id="selectByExample" parameterType="cinema.ticket.booking.model.CatalogExample" resultMap="BaseResultMap">
    <!--
      WARNING - @mbg.generated
      This element is automatically generated by MyBatis Generator, do not modify.
      This element was generated on Mon May 01 14:50:18 ICT 2023.
    -->
    select
    <if test="distinct">
      distinct
    </if>
    <include refid="Base_Column_List" />
    from Catalog
    <if test="_parameter != null">
      <include refid="Example_Where_Clause" />
    </if>
    <if test="orderByClause != null">
      order by ${orderByClause}
    </if>
  </select>
  <select id="selectByPrimaryKey" parameterType="java.lang.String" resultMap="BaseResultMap">
    <!--
      WARNING - @mbg.generated
      This element is automatically generated by MyBatis Generator, do not modify.
      This element was generated on Mon May 01 14:50:18 ICT 2023.
    -->
    select 
    <include refid="Base_Column_List" />
    from Catalog
    where name = #{name,jdbcType=VARCHAR}
  </select>
  <delete id="deleteByPrimaryKey" parameterType="java.lang.String">
    <!--
      WARNING - @mbg.generated
      This element is automatically generated by MyBatis Generator, do not modify.
      This element was generated on Mon May 01 14:50:18 ICT 2023.
    -->
    delete from Catalog
    where name = #{name,jdbcType=VARCHAR}
  </delete>
  <delete id="deleteByExample" parameterType="cinema.ticket.booking.model.CatalogExample">
    <!--
      WARNING - @mbg.generated
      This element is automatically generated by MyBatis Generator, do not modify.
      This element was generated on Mon May 01 14:50:18 ICT 2023.
    -->
    delete from Catalog
    <if test="_parameter != null">
      <include refid="Example_Where_Clause" />
    </if>
  </delete>
  <insert id="insert" parameterType="cinema.ticket.booking.model.Catalog">
    <!--
      WARNING - @mbg.generated
      This element is automatically generated by MyBatis Generator, do not modify.
      This element was generated on Mon May 01 14:50:18 ICT 2023.
    -->
    insert into Catalog (name, label, lastUpdated
      )
    values (#{name,jdbcType=VARCHAR}, #{label,jdbcType=VARCHAR}, #{lastupdated,jdbcType=TIMESTAMP}
      )
  </insert>
  <insert id="insertSelective" parameterType="cinema.ticket.booking.model.Catalog">
    <!--
      WARNING - @mbg.generated
      This element is automatically generated by MyBatis Generator, do not modify.
      This element was generated on Mon May 01 14:50:18 ICT 2023.
    -->
    insert into Catalog
    <trim prefix="(" suffix=")" suffixOverrides=",">
      <if test="name != null">
        name,
      </if>
      <if test="label != null">
        label,
      </if>
      <if test="lastupdated != null">
        lastUpdated,
      </if>
    </trim>
    <trim prefix="values (" suffix=")" suffixOverrides=",">
      <if test="name != null">
        #{name,jdbcType=VARCHAR},
      </if>
      <if test="label != null">
        #{label,jdbcType=VARCHAR},
      </if>
      <if test="lastupdated != null">
        #{lastupdated,jdbcType=TIMESTAMP},
      </if>
    </trim>
  </insert>
  <select id="countByExample" parameterType="cinema.ticket.booking.model.CatalogExample" resultType="java.lang.Long">
    <!--
      WARNING - @mbg.generated
      This element is automatically generated by MyBatis Generator, do not modify.
      This element was generated on Mon May 01 14:50:18 ICT 2023.
    -->
    select count(*) from Catalog
    <if test="_parameter != null">
      <include refid="Example_Where_Clause" />
    </if>
  </select>
  <update id="updateByExampleSelective" parameterType="map">
    <!--
      WARNING - @mbg.generated
      This element is automatically generated by MyBatis Generator, do not modify.
      This element was generated on Mon May 01 14:50:18 ICT 2023.
    -->
    update Catalog
    <set>
      <if test="row.name != null">
        name = #{row.name,jdbcType=VARCHAR},
      </if>
      <if test="row.label != null">
        label = #{row.label,jdbcType=VARCHAR},
      </if>
      <if test="row.lastupdated != null">
        lastUpdated = #{row.lastupdated,jdbcType=TIMESTAMP},
      </if>
    </set>
    <if test="example != null">
      <include refid="Update_By_Example_Where_Clause" />
    </if>
  </update>
  <update id="updateByExample" parameterType="map">
    <!--
      WARNING - @mbg.generated
      This element is automatically generated by MyBatis Generator, do not modify.
      This element was generated on Mon May 01 14:50:18 ICT 2023.
    -->
    update Catalog
    set name = #{row.name,jdbcType=VARCHAR},
      label = #{row.label,jdbcType=VARCHAR},
      lastUpdated = #{row.lastupdated,jdbcType=TIMESTAMP}
    <if test="example != null">
      <include refid="Update_By_Example_Where_Clause" />
    </if>
  </update>
  <update id="updateByPrimaryKeySelective" parameterType="cinema.ticket.booking.model.Catalog">
    <!--
      WARNING - @mbg.generated
      This element is automatically generated by MyBatis Generator, do not modify.
      This element was generated on Mon May 01 14:50:18 ICT 2023.
    -->
    update Catalog
    <set>
      <if test="label != null">
        label = #{label,jdbcType=VARCHAR},
      </if>
      <if test="lastupdated != null">
        lastUpdated = #{lastupdated,jdbcType=TIMESTAMP},
      </if>
    </set>
    where name = #{name,jdbcType=VARCHAR}
  </update>
  <update id="updateByPrimaryKey" parameterType="cinema.ticket.booking.model.Catalog">
    <!--
      WARNING - @mbg.generated
      This element is automatically generated by MyBatis Generator, do not modify.
      This element was generated on Mon May 01 14:50:18 ICT 2023.
    -->
    update Catalog
    set label = #{label,jdbcType=VARCHAR},
      lastUpdated = #{lastupdated,jdbcType=TIMESTAMP}
    where name = #{name,jdbcType=VARCHAR}
  </update>
</mapper>