<?xml version="1.0" encoding="UTF-8"?>
<!DOCTYPE mapper PUBLIC "-//mybatis.org//DTD Mapper 3.0//EN" "http://mybatis.org/dtd/mybatis-3-mapper.dtd">
<mapper namespace="cinema.ticket.booking.mapper.CinemaMapper">
  <resultMap id="BaseResultMap" type="cinema.ticket.booking.model.Cinema">
    <!--
      WARNING - @mbg.generated
      This element is automatically generated by MyBatis Generator, do not modify.
      This element was generated on Mon May 01 14:50:44 ICT 2023.
    -->
    <id column="name" jdbcType="VARCHAR" property="name" />
    <result column="totalCinemaHalls" jdbcType="INTEGER" property="totalcinemahalls" />
    <result column="location" jdbcType="VARCHAR" property="location" />
  </resultMap>
  <sql id="Example_Where_Clause">
    <!--
      WARNING - @mbg.generated
      This element is automatically generated by MyBatis Generator, do not modify.
      This element was generated on Mon May 01 14:50:44 ICT 2023.
    -->
    <where>
      <foreach collection="oredCriteria" item="criteria" separator="or">
        <if test="criteria.valid">
          <trim prefix="(" prefixOverrides="and" suffix=")">
            <foreach collection="criteria.criteria" item="criterion">
              <choose>
                <when test="criterion.noValue">
                  and ${criterion.condition}
                </when>
                <when test="criterion.singleValue">
                  and ${criterion.condition} #{criterion.value}
                </when>
                <when test="criterion.betweenValue">
                  and ${criterion.condition} #{criterion.value} and #{criterion.secondValue}
                </when>
                <when test="criterion.listValue">
                  and ${criterion.condition}
                  <foreach close=")" collection="criterion.value" item="listItem" open="(" separator=",">
                    #{listItem}
                  </foreach>
                </when>
              </choose>
            </foreach>
          </trim>
        </if>
      </foreach>
    </where>
  </sql>
  <sql id="Update_By_Example_Where_Clause">
    <!--
      WARNING - @mbg.generated
      This element is automatically generated by MyBatis Generator, do not modify.
      This element was generated on Mon May 01 14:50:44 ICT 2023.
    -->
    <where>
      <foreach collection="example.oredCriteria" item="criteria" separator="or">
        <if test="criteria.valid">
          <trim prefix="(" prefixOverrides="and" suffix=")">
            <foreach collection="criteria.criteria" item="criterion">
              <choose>
                <when test="criterion.noValue">
                  and ${criterion.condition}
                </when>
                <when test="criterion.singleValue">
                  and ${criterion.condition} #{criterion.value}
                </when>
                <when test="criterion.betweenValue">
                  and ${criterion.condition} #{criterion.value} and #{criterion.secondValue}
                </when>
                <when test="criterion.listValue">
                  and ${criterion.condition}
                  <foreach close=")" collection="criterion.value" item="listItem" open="(" separator=",">
                    #{listItem}
                  </foreach>
                </when>
              </choose>
            </foreach>
          </trim>
        </if>
      </foreach>
    </where>
  </sql>
  <sql id="Base_Column_List">
    <!--
      WARNING - @mbg.generated
      This element is automatically generated by MyBatis Generator, do not modify.
      This element was generated on Mon May 01 14:50:44 ICT 2023.
    -->
    name, totalCinemaHalls, location
  </sql>
  <select id="selectByExample" parameterType="cinema.ticket.booking.model.CinemaExample" resultMap="BaseResultMap">
    <!--
      WARNING - @mbg.generated
      This element is automatically generated by MyBatis Generator, do not modify.
      This element was generated on Mon May 01 14:50:44 ICT 2023.
    -->
    select
    <if test="distinct">
      distinct
    </if>
    <include refid="Base_Column_List" />
    from Cinema
    <if test="_parameter != null">
      <include refid="Example_Where_Clause" />
    </if>
    <if test="orderByClause != null">
      order by ${orderByClause}
    </if>
  </select>
  <select id="selectByPrimaryKey" parameterType="java.lang.String" resultMap="BaseResultMap">
    <!--
      WARNING - @mbg.generated
      This element is automatically generated by MyBatis Generator, do not modify.
      This element was generated on Mon May 01 14:50:44 ICT 2023.
    -->
    select 
    <include refid="Base_Column_List" />
    from Cinema
    where name = #{name,jdbcType=VARCHAR}
  </select>
  <delete id="deleteByPrimaryKey" parameterType="java.lang.String">
    <!--
      WARNING - @mbg.generated
      This element is automatically generated by MyBatis Generator, do not modify.
      This element was generated on Mon May 01 14:50:44 ICT 2023.
    -->
    delete from Cinema
    where name = #{name,jdbcType=VARCHAR}
  </delete>
  <delete id="deleteByExample" parameterType="cinema.ticket.booking.model.CinemaExample">
    <!--
      WARNING - @mbg.generated
      This element is automatically generated by MyBatis Generator, do not modify.
      This element was generated on Mon May 01 14:50:44 ICT 2023.
    -->
    delete from Cinema
    <if test="_parameter != null">
      <include refid="Example_Where_Clause" />
    </if>
  </delete>
  <insert id="insert" parameterType="cinema.ticket.booking.model.Cinema">
    <!--
      WARNING - @mbg.generated
      This element is automatically generated by MyBatis Generator, do not modify.
      This element was generated on Mon May 01 14:50:44 ICT 2023.
    -->
    insert into Cinema (name, totalCinemaHalls, location
      )
    values (#{name,jdbcType=VARCHAR}, #{totalcinemahalls,jdbcType=INTEGER}, #{location,jdbcType=VARCHAR}
      )
  </insert>
  <insert id="insertSelective" parameterType="cinema.ticket.booking.model.Cinema">
    <!--
      WARNING - @mbg.generated
      This element is automatically generated by MyBatis Generator, do not modify.
      This element was generated on Mon May 01 14:50:44 ICT 2023.
    -->
    insert into Cinema
    <trim prefix="(" suffix=")" suffixOverrides=",">
      <if test="name != null">
        name,
      </if>
      <if test="totalcinemahalls != null">
        totalCinemaHalls,
      </if>
      <if test="location != null">
        location,
      </if>
    </trim>
    <trim prefix="values (" suffix=")" suffixOverrides=",">
      <if test="name != null">
        #{name,jdbcType=VARCHAR},
      </if>
      <if test="totalcinemahalls != null">
        #{totalcinemahalls,jdbcType=INTEGER},
      </if>
      <if test="location != null">
        #{location,jdbcType=VARCHAR},
      </if>
    </trim>
  </insert>
  <select id="countByExample" parameterType="cinema.ticket.booking.model.CinemaExample" resultType="java.lang.Long">
    <!--
      WARNING - @mbg.generated
      This element is automatically generated by MyBatis Generator, do not modify.
      This element was generated on Mon May 01 14:50:44 ICT 2023.
    -->
    select count(*) from Cinema
    <if test="_parameter != null">
      <include refid="Example_Where_Clause" />
    </if>
  </select>
  <update id="updateByExampleSelective" parameterType="map">
    <!--
      WARNING - @mbg.generated
      This element is automatically generated by MyBatis Generator, do not modify.
      This element was generated on Mon May 01 14:50:44 ICT 2023.
    -->
    update Cinema
    <set>
      <if test="row.name != null">
        name = #{row.name,jdbcType=VARCHAR},
      </if>
      <if test="row.totalcinemahalls != null">
        totalCinemaHalls = #{row.totalcinemahalls,jdbcType=INTEGER},
      </if>
      <if test="row.location != null">
        location = #{row.location,jdbcType=VARCHAR},
      </if>
    </set>
    <if test="example != null">
      <include refid="Update_By_Example_Where_Clause" />
    </if>
  </update>
  <update id="updateByExample" parameterType="map">
    <!--
      WARNING - @mbg.generated
      This element is automatically generated by MyBatis Generator, do not modify.
      This element was generated on Mon May 01 14:50:44 ICT 2023.
    -->
    update Cinema
    set name = #{row.name,jdbcType=VARCHAR},
      totalCinemaHalls = #{row.totalcinemahalls,jdbcType=INTEGER},
      location = #{row.location,jdbcType=VARCHAR}
    <if test="example != null">
      <include refid="Update_By_Example_Where_Clause" />
    </if>
  </update>
  <update id="updateByPrimaryKeySelective" parameterType="cinema.ticket.booking.model.Cinema">
    <!--
      WARNING - @mbg.generated
      This element is automatically generated by MyBatis Generator, do not modify.
      This element was generated on Mon May 01 14:50:44 ICT 2023.
    -->
    update Cinema
    <set>
      <if test="totalcinemahalls != null">
        totalCinemaHalls = #{totalcinemahalls,jdbcType=INTEGER},
      </if>
      <if test="location != null">
        location = #{location,jdbcType=VARCHAR},
      </if>
    </set>
    where name = #{name,jdbcType=VARCHAR}
  </update>
  <update id="updateByPrimaryKey" parameterType="cinema.ticket.booking.model.Cinema">
    <!--
      WARNING - @mbg.generated
      This element is automatically generated by MyBatis Generator, do not modify.
      This element was generated on Mon May 01 14:50:44 ICT 2023.
    -->
    update Cinema
    set totalCinemaHalls = #{totalcinemahalls,jdbcType=INTEGER},
      location = #{location,jdbcType=VARCHAR}
    where name = #{name,jdbcType=VARCHAR}
  </update>
</mapper>