<?xml version="1.0" encoding="UTF-8"?>
<!DOCTYPE mapper PUBLIC "-//mybatis.org//DTD Mapper 3.0//EN" "http://mybatis.org/dtd/mybatis-3-mapper.dtd">
<mapper namespace="cinema.ticket.booking.mapper.CinemaHallSeatMapper">
  <resultMap id="BaseResultMap" type="cinema.ticket.booking.model.CinemaHallSeat">
    <!--
      WARNING - @mbg.generated
      This element is automatically generated by MyBatis Generator, do not modify.
      This element was generated on Mon May 01 14:50:59 ICT 2023.
    -->
    <id column="cinemaHall" jdbcType="VARCHAR" property="cinemahall" />
    <id column="seatRow" jdbcType="INTEGER" property="seatrow" />
    <id column="seatColumn" jdbcType="INTEGER" property="seatcolumn" />
    <result column="id" jdbcType="INTEGER" property="id" />
    <result column="type" jdbcType="VARCHAR" property="type" />
  </resultMap>
  <sql id="Example_Where_Clause">
    <!--
      WARNING - @mbg.generated
      This element is automatically generated by MyBatis Generator, do not modify.
      This element was generated on Mon May 01 14:50:59 ICT 2023.
    -->
    <where>
      <foreach collection="oredCriteria" item="criteria" separator="or">
        <if test="criteria.valid">
          <trim prefix="(" prefixOverrides="and" suffix=")">
            <foreach collection="criteria.criteria" item="criterion">
              <choose>
                <when test="criterion.noValue">
                  and ${criterion.condition}
                </when>
                <when test="criterion.singleValue">
                  and ${criterion.condition} #{criterion.value}
                </when>
                <when test="criterion.betweenValue">
                  and ${criterion.condition} #{criterion.value} and #{criterion.secondValue}
                </when>
                <when test="criterion.listValue">
                  and ${criterion.condition}
                  <foreach close=")" collection="criterion.value" item="listItem" open="(" separator=",">
                    #{listItem}
                  </foreach>
                </when>
              </choose>
            </foreach>
          </trim>
        </if>
      </foreach>
    </where>
  </sql>
  <sql id="Update_By_Example_Where_Clause">
    <!--
      WARNING - @mbg.generated
      This element is automatically generated by MyBatis Generator, do not modify.
      This element was generated on Mon May 01 14:50:59 ICT 2023.
    -->
    <where>
      <foreach collection="example.oredCriteria" item="criteria" separator="or">
        <if test="criteria.valid">
          <trim prefix="(" prefixOverrides="and" suffix=")">
            <foreach collection="criteria.criteria" item="criterion">
              <choose>
                <when test="criterion.noValue">
                  and ${criterion.condition}
                </when>
                <when test="criterion.singleValue">
                  and ${criterion.condition} #{criterion.value}
                </when>
                <when test="criterion.betweenValue">
                  and ${criterion.condition} #{criterion.value} and #{criterion.secondValue}
                </when>
                <when test="criterion.listValue">
                  and ${criterion.condition}
                  <foreach close=")" collection="criterion.value" item="listItem" open="(" separator=",">
                    #{listItem}
                  </foreach>
                </when>
              </choose>
            </foreach>
          </trim>
        </if>
      </foreach>
    </where>
  </sql>
  <sql id="Base_Column_List">
    <!--
      WARNING - @mbg.generated
      This element is automatically generated by MyBatis Generator, do not modify.
      This element was generated on Mon May 01 14:50:59 ICT 2023.
    -->
    cinemaHall, seatRow, seatColumn, id, type
  </sql>
  <select id="selectByExample" parameterType="cinema.ticket.booking.model.CinemaHallSeatExample" resultMap="BaseResultMap">
    <!--
      WARNING - @mbg.generated
      This element is automatically generated by MyBatis Generator, do not modify.
      This element was generated on Mon May 01 14:50:59 ICT 2023.
    -->
    select
    <if test="distinct">
      distinct
    </if>
    <include refid="Base_Column_List" />
    from CinemaHallSeat
    <if test="_parameter != null">
      <include refid="Example_Where_Clause" />
    </if>
    <if test="orderByClause != null">
      order by ${orderByClause}
    </if>
  </select>
  <select id="selectByPrimaryKey" parameterType="cinema.ticket.booking.model.CinemaHallSeatKey" resultMap="BaseResultMap">
    <!--
      WARNING - @mbg.generated
      This element is automatically generated by MyBatis Generator, do not modify.
      This element was generated on Mon May 01 14:50:59 ICT 2023.
    -->
    select 
    <include refid="Base_Column_List" />
    from CinemaHallSeat
    where cinemaHall = #{cinemahall,jdbcType=VARCHAR}
      and seatRow = #{seatrow,jdbcType=INTEGER}
      and seatColumn = #{seatcolumn,jdbcType=INTEGER}
  </select>
  <delete id="deleteByPrimaryKey" parameterType="cinema.ticket.booking.model.CinemaHallSeatKey">
    <!--
      WARNING - @mbg.generated
      This element is automatically generated by MyBatis Generator, do not modify.
      This element was generated on Mon May 01 14:50:59 ICT 2023.
    -->
    delete from CinemaHallSeat
    where cinemaHall = #{cinemahall,jdbcType=VARCHAR}
      and seatRow = #{seatrow,jdbcType=INTEGER}
      and seatColumn = #{seatcolumn,jdbcType=INTEGER}
  </delete>
  <delete id="deleteByExample" parameterType="cinema.ticket.booking.model.CinemaHallSeatExample">
    <!--
      WARNING - @mbg.generated
      This element is automatically generated by MyBatis Generator, do not modify.
      This element was generated on Mon May 01 14:50:59 ICT 2023.
    -->
    delete from CinemaHallSeat
    <if test="_parameter != null">
      <include refid="Example_Where_Clause" />
    </if>
  </delete>
  <insert id="insert" parameterType="cinema.ticket.booking.model.CinemaHallSeat">
    <!--
      WARNING - @mbg.generated
      This element is automatically generated by MyBatis Generator, do not modify.
      This element was generated on Mon May 01 14:50:59 ICT 2023.
    -->
    insert into CinemaHallSeat (cinemaHall, seatRow, seatColumn, 
      id, type)
    values (#{cinemahall,jdbcType=VARCHAR}, #{seatrow,jdbcType=INTEGER}, #{seatcolumn,jdbcType=INTEGER}, 
      #{id,jdbcType=INTEGER}, #{type,jdbcType=VARCHAR})
  </insert>
  <insert id="insertSelective" parameterType="cinema.ticket.booking.model.CinemaHallSeat">
    <!--
      WARNING - @mbg.generated
      This element is automatically generated by MyBatis Generator, do not modify.
      This element was generated on Mon May 01 14:50:59 ICT 2023.
    -->
    insert into CinemaHallSeat
    <trim prefix="(" suffix=")" suffixOverrides=",">
      <if test="cinemahall != null">
        cinemaHall,
      </if>
      <if test="seatrow != null">
        seatRow,
      </if>
      <if test="seatcolumn != null">
        seatColumn,
      </if>
      <if test="id != null">
        id,
      </if>
      <if test="type != null">
        type,
      </if>
    </trim>
    <trim prefix="values (" suffix=")" suffixOverrides=",">
      <if test="cinemahall != null">
        #{cinemahall,jdbcType=VARCHAR},
      </if>
      <if test="seatrow != null">
        #{seatrow,jdbcType=INTEGER},
      </if>
      <if test="seatcolumn != null">
        #{seatcolumn,jdbcType=INTEGER},
      </if>
      <if test="id != null">
        #{id,jdbcType=INTEGER},
      </if>
      <if test="type != null">
        #{type,jdbcType=VARCHAR},
      </if>
    </trim>
  </insert>
  <select id="countByExample" parameterType="cinema.ticket.booking.model.CinemaHallSeatExample" resultType="java.lang.Long">
    <!--
      WARNING - @mbg.generated
      This element is automatically generated by MyBatis Generator, do not modify.
      This element was generated on Mon May 01 14:50:59 ICT 2023.
    -->
    select count(*) from CinemaHallSeat
    <if test="_parameter != null">
      <include refid="Example_Where_Clause" />
    </if>
  </select>
  <update id="updateByExampleSelective" parameterType="map">
    <!--
      WARNING - @mbg.generated
      This element is automatically generated by MyBatis Generator, do not modify.
      This element was generated on Mon May 01 14:50:59 ICT 2023.
    -->
    update CinemaHallSeat
    <set>
      <if test="row.cinemahall != null">
        cinemaHall = #{row.cinemahall,jdbcType=VARCHAR},
      </if>
      <if test="row.seatrow != null">
        seatRow = #{row.seatrow,jdbcType=INTEGER},
      </if>
      <if test="row.seatcolumn != null">
        seatColumn = #{row.seatcolumn,jdbcType=INTEGER},
      </if>
      <if test="row.id != null">
        id = #{row.id,jdbcType=INTEGER},
      </if>
      <if test="row.type != null">
        type = #{row.type,jdbcType=VARCHAR},
      </if>
    </set>
    <if test="example != null">
      <include refid="Update_By_Example_Where_Clause" />
    </if>
  </update>
  <update id="updateByExample" parameterType="map">
    <!--
      WARNING - @mbg.generated
      This element is automatically generated by MyBatis Generator, do not modify.
      This element was generated on Mon May 01 14:50:59 ICT 2023.
    -->
    update CinemaHallSeat
    set cinemaHall = #{row.cinemahall,jdbcType=VARCHAR},
      seatRow = #{row.seatrow,jdbcType=INTEGER},
      seatColumn = #{row.seatcolumn,jdbcType=INTEGER},
      id = #{row.id,jdbcType=INTEGER},
      type = #{row.type,jdbcType=VARCHAR}
    <if test="example != null">
      <include refid="Update_By_Example_Where_Clause" />
    </if>
  </update>
  <update id="updateByPrimaryKeySelective" parameterType="cinema.ticket.booking.model.CinemaHallSeat">
    <!--
      WARNING - @mbg.generated
      This element is automatically generated by MyBatis Generator, do not modify.
      This element was generated on Mon May 01 14:50:59 ICT 2023.
    -->
    update CinemaHallSeat
    <set>
      <if test="id != null">
        id = #{id,jdbcType=INTEGER},
      </if>
      <if test="type != null">
        type = #{type,jdbcType=VARCHAR},
      </if>
    </set>
    where cinemaHall = #{cinemahall,jdbcType=VARCHAR}
      and seatRow = #{seatrow,jdbcType=INTEGER}
      and seatColumn = #{seatcolumn,jdbcType=INTEGER}
  </update>
  <update id="updateByPrimaryKey" parameterType="cinema.ticket.booking.model.CinemaHallSeat">
    <!--
      WARNING - @mbg.generated
      This element is automatically generated by MyBatis Generator, do not modify.
      This element was generated on Mon May 01 14:50:59 ICT 2023.
    -->
    update CinemaHallSeat
    set id = #{id,jdbcType=INTEGER},
      type = #{type,jdbcType=VARCHAR}
    where cinemaHall = #{cinemahall,jdbcType=VARCHAR}
      and seatRow = #{seatrow,jdbcType=INTEGER}
      and seatColumn = #{seatcolumn,jdbcType=INTEGER}
  </update>
</mapper>