<?xml version="1.0" encoding="UTF-8"?>
<!DOCTYPE mapper PUBLIC "-//mybatis.org//DTD Mapper 3.0//EN" "http://mybatis.org/dtd/mybatis-3-mapper.dtd">
<mapper namespace="cinema.ticket.booking.mapper.CouponMapper">
  <resultMap id="BaseResultMap" type="cinema.ticket.booking.model.Coupon">
    <!--
      WARNING - @mbg.generated
      This element is automatically generated by MyBatis Generator, do not modify.
      This element was generated on Mon May 01 14:51:13 ICT 2023.
    -->
    <id column="code" jdbcType="VARCHAR" property="code" />
    <result column="balance" jdbcType="DOUBLE" property="balance" />
    <result column="expiry" jdbcType="TIMESTAMP" property="expiry" />
  </resultMap>
  <sql id="Example_Where_Clause">
    <!--
      WARNING - @mbg.generated
      This element is automatically generated by MyBatis Generator, do not modify.
      This element was generated on Mon May 01 14:51:13 ICT 2023.
    -->
    <where>
      <foreach collection="oredCriteria" item="criteria" separator="or">
        <if test="criteria.valid">
          <trim prefix="(" prefixOverrides="and" suffix=")">
            <foreach collection="criteria.criteria" item="criterion">
              <choose>
                <when test="criterion.noValue">
                  and ${criterion.condition}
                </when>
                <when test="criterion.singleValue">
                  and ${criterion.condition} #{criterion.value}
                </when>
                <when test="criterion.betweenValue">
                  and ${criterion.condition} #{criterion.value} and #{criterion.secondValue}
                </when>
                <when test="criterion.listValue">
                  and ${criterion.condition}
                  <foreach close=")" collection="criterion.value" item="listItem" open="(" separator=",">
                    #{listItem}
                  </foreach>
                </when>
              </choose>
            </foreach>
          </trim>
        </if>
      </foreach>
    </where>
  </sql>
  <sql id="Update_By_Example_Where_Clause">
    <!--
      WARNING - @mbg.generated
      This element is automatically generated by MyBatis Generator, do not modify.
      This element was generated on Mon May 01 14:51:13 ICT 2023.
    -->
    <where>
      <foreach collection="example.oredCriteria" item="criteria" separator="or">
        <if test="criteria.valid">
          <trim prefix="(" prefixOverrides="and" suffix=")">
            <foreach collection="criteria.criteria" item="criterion">
              <choose>
                <when test="criterion.noValue">
                  and ${criterion.condition}
                </when>
                <when test="criterion.singleValue">
                  and ${criterion.condition} #{criterion.value}
                </when>
                <when test="criterion.betweenValue">
                  and ${criterion.condition} #{criterion.value} and #{criterion.secondValue}
                </when>
                <when test="criterion.listValue">
                  and ${criterion.condition}
                  <foreach close=")" collection="criterion.value" item="listItem" open="(" separator=",">
                    #{listItem}
                  </foreach>
                </when>
              </choose>
            </foreach>
          </trim>
        </if>
      </foreach>
    </where>
  </sql>
  <sql id="Base_Column_List">
    <!--
      WARNING - @mbg.generated
      This element is automatically generated by MyBatis Generator, do not modify.
      This element was generated on Mon May 01 14:51:13 ICT 2023.
    -->
    code, balance, expiry
  </sql>
  <select id="selectByExample" parameterType="cinema.ticket.booking.model.CouponExample" resultMap="BaseResultMap">
    <!--
      WARNING - @mbg.generated
      This element is automatically generated by MyBatis Generator, do not modify.
      This element was generated on Mon May 01 14:51:13 ICT 2023.
    -->
    select
    <if test="distinct">
      distinct
    </if>
    <include refid="Base_Column_List" />
    from Coupon
    <if test="_parameter != null">
      <include refid="Example_Where_Clause" />
    </if>
    <if test="orderByClause != null">
      order by ${orderByClause}
    </if>
  </select>
  <select id="selectByPrimaryKey" parameterType="java.lang.String" resultMap="BaseResultMap">
    <!--
      WARNING - @mbg.generated
      This element is automatically generated by MyBatis Generator, do not modify.
      This element was generated on Mon May 01 14:51:13 ICT 2023.
    -->
    select 
    <include refid="Base_Column_List" />
    from Coupon
    where code = #{code,jdbcType=VARCHAR}
  </select>
  <delete id="deleteByPrimaryKey" parameterType="java.lang.String">
    <!--
      WARNING - @mbg.generated
      This element is automatically generated by MyBatis Generator, do not modify.
      This element was generated on Mon May 01 14:51:13 ICT 2023.
    -->
    delete from Coupon
    where code = #{code,jdbcType=VARCHAR}
  </delete>
  <delete id="deleteByExample" parameterType="cinema.ticket.booking.model.CouponExample">
    <!--
      WARNING - @mbg.generated
      This element is automatically generated by MyBatis Generator, do not modify.
      This element was generated on Mon May 01 14:51:13 ICT 2023.
    -->
    delete from Coupon
    <if test="_parameter != null">
      <include refid="Example_Where_Clause" />
    </if>
  </delete>
  <insert id="insert" parameterType="cinema.ticket.booking.model.Coupon">
    <!--
      WARNING - @mbg.generated
      This element is automatically generated by MyBatis Generator, do not modify.
      This element was generated on Mon May 01 14:51:13 ICT 2023.
    -->
    insert into Coupon (code, balance, expiry
      )
    values (#{code,jdbcType=VARCHAR}, #{balance,jdbcType=DOUBLE}, #{expiry,jdbcType=TIMESTAMP}
      )
  </insert>
  <insert id="insertSelective" parameterType="cinema.ticket.booking.model.Coupon">
    <!--
      WARNING - @mbg.generated
      This element is automatically generated by MyBatis Generator, do not modify.
      This element was generated on Mon May 01 14:51:13 ICT 2023.
    -->
    insert into Coupon
    <trim prefix="(" suffix=")" suffixOverrides=",">
      <if test="code != null">
        code,
      </if>
      <if test="balance != null">
        balance,
      </if>
      <if test="expiry != null">
        expiry,
      </if>
    </trim>
    <trim prefix="values (" suffix=")" suffixOverrides=",">
      <if test="code != null">
        #{code,jdbcType=VARCHAR},
      </if>
      <if test="balance != null">
        #{balance,jdbcType=DOUBLE},
      </if>
      <if test="expiry != null">
        #{expiry,jdbcType=TIMESTAMP},
      </if>
    </trim>
  </insert>
  <select id="countByExample" parameterType="cinema.ticket.booking.model.CouponExample" resultType="java.lang.Long">
    <!--
      WARNING - @mbg.generated
      This element is automatically generated by MyBatis Generator, do not modify.
      This element was generated on Mon May 01 14:51:13 ICT 2023.
    -->
    select count(*) from Coupon
    <if test="_parameter != null">
      <include refid="Example_Where_Clause" />
    </if>
  </select>
  <update id="updateByExampleSelective" parameterType="map">
    <!--
      WARNING - @mbg.generated
      This element is automatically generated by MyBatis Generator, do not modify.
      This element was generated on Mon May 01 14:51:13 ICT 2023.
    -->
    update Coupon
    <set>
      <if test="row.code != null">
        code = #{row.code,jdbcType=VARCHAR},
      </if>
      <if test="row.balance != null">
        balance = #{row.balance,jdbcType=DOUBLE},
      </if>
      <if test="row.expiry != null">
        expiry = #{row.expiry,jdbcType=TIMESTAMP},
      </if>
    </set>
    <if test="example != null">
      <include refid="Update_By_Example_Where_Clause" />
    </if>
  </update>
  <update id="updateByExample" parameterType="map">
    <!--
      WARNING - @mbg.generated
      This element is automatically generated by MyBatis Generator, do not modify.
      This element was generated on Mon May 01 14:51:13 ICT 2023.
    -->
    update Coupon
    set code = #{row.code,jdbcType=VARCHAR},
      balance = #{row.balance,jdbcType=DOUBLE},
      expiry = #{row.expiry,jdbcType=TIMESTAMP}
    <if test="example != null">
      <include refid="Update_By_Example_Where_Clause" />
    </if>
  </update>
  <update id="updateByPrimaryKeySelective" parameterType="cinema.ticket.booking.model.Coupon">
    <!--
      WARNING - @mbg.generated
      This element is automatically generated by MyBatis Generator, do not modify.
      This element was generated on Mon May 01 14:51:13 ICT 2023.
    -->
    update Coupon
    <set>
      <if test="balance != null">
        balance = #{balance,jdbcType=DOUBLE},
      </if>
      <if test="expiry != null">
        expiry = #{expiry,jdbcType=TIMESTAMP},
      </if>
    </set>
    where code = #{code,jdbcType=VARCHAR}
  </update>
  <update id="updateByPrimaryKey" parameterType="cinema.ticket.booking.model.Coupon">
    <!--
      WARNING - @mbg.generated
      This element is automatically generated by MyBatis Generator, do not modify.
      This element was generated on Mon May 01 14:51:13 ICT 2023.
    -->
    update Coupon
    set balance = #{balance,jdbcType=DOUBLE},
      expiry = #{expiry,jdbcType=TIMESTAMP}
    where code = #{code,jdbcType=VARCHAR}
  </update>
</mapper>