<?xml version="1.0" encoding="UTF-8"?>
<!DOCTYPE mapper PUBLIC "-//mybatis.org//DTD Mapper 3.0//EN" "http://mybatis.org/dtd/mybatis-3-mapper.dtd">
<mapper namespace="cinema.ticket.booking.mapper.MovieMapper">
  <resultMap id="BaseResultMap" type="cinema.ticket.booking.model.Movie">
    <!--
      WARNING - @mbg.generated
      This element is automatically generated by MyBatis Generator, do not modify.
      This element was generated on Mon May 01 14:50:27 ICT 2023.
    -->
    <id column="id" jdbcType="INTEGER" property="id" />
    <result column="durationInMins" jdbcType="INTEGER" property="durationinmins" />
    <result column="language" jdbcType="VARCHAR" property="language" />
    <result column="releaseDate" jdbcType="TIMESTAMP" property="releasedate" />
    <result column="country" jdbcType="VARCHAR" property="country" />
    <result column="genre" jdbcType="VARCHAR" property="genre" />
  </resultMap>
  <resultMap extends="BaseResultMap" id="ResultMapWithBLOBs" type="cinema.ticket.booking.model.MovieWithBLOBs">
    <!--
      WARNING - @mbg.generated
      This element is automatically generated by MyBatis Generator, do not modify.
      This element was generated on Mon May 01 14:50:27 ICT 2023.
    -->
    <result column="title" jdbcType="LONGVARCHAR" property="title" />
    <result column="description" jdbcType="LONGVARCHAR" property="description" />
    <result column="image" jdbcType="LONGVARCHAR" property="image" />
  </resultMap>
  <sql id="Example_Where_Clause">
    <!--
      WARNING - @mbg.generated
      This element is automatically generated by MyBatis Generator, do not modify.
      This element was generated on Mon May 01 14:50:27 ICT 2023.
    -->
    <where>
      <foreach collection="oredCriteria" item="criteria" separator="or">
        <if test="criteria.valid">
          <trim prefix="(" prefixOverrides="and" suffix=")">
            <foreach collection="criteria.criteria" item="criterion">
              <choose>
                <when test="criterion.noValue">
                  and ${criterion.condition}
                </when>
                <when test="criterion.singleValue">
                  and ${criterion.condition} #{criterion.value}
                </when>
                <when test="criterion.betweenValue">
                  and ${criterion.condition} #{criterion.value} and #{criterion.secondValue}
                </when>
                <when test="criterion.listValue">
                  and ${criterion.condition}
                  <foreach close=")" collection="criterion.value" item="listItem" open="(" separator=",">
                    #{listItem}
                  </foreach>
                </when>
              </choose>
            </foreach>
          </trim>
        </if>
      </foreach>
    </where>
  </sql>
  <sql id="Update_By_Example_Where_Clause">
    <!--
      WARNING - @mbg.generated
      This element is automatically generated by MyBatis Generator, do not modify.
      This element was generated on Mon May 01 14:50:27 ICT 2023.
    -->
    <where>
      <foreach collection="example.oredCriteria" item="criteria" separator="or">
        <if test="criteria.valid">
          <trim prefix="(" prefixOverrides="and" suffix=")">
            <foreach collection="criteria.criteria" item="criterion">
              <choose>
                <when test="criterion.noValue">
                  and ${criterion.condition}
                </when>
                <when test="criterion.singleValue">
                  and ${criterion.condition} #{criterion.value}
                </when>
                <when test="criterion.betweenValue">
                  and ${criterion.condition} #{criterion.value} and #{criterion.secondValue}
                </when>
                <when test="criterion.listValue">
                  and ${criterion.condition}
                  <foreach close=")" collection="criterion.value" item="listItem" open="(" separator=",">
                    #{listItem}
                  </foreach>
                </when>
              </choose>
            </foreach>
          </trim>
        </if>
      </foreach>
    </where>
  </sql>
  <sql id="Base_Column_List">
    <!--
      WARNING - @mbg.generated
      This element is automatically generated by MyBatis Generator, do not modify.
      This element was generated on Mon May 01 14:50:27 ICT 2023.
    -->
    id, durationInMins, language, releaseDate, country, genre
  </sql>
  <sql id="Blob_Column_List">
    <!--
      WARNING - @mbg.generated
      This element is automatically generated by MyBatis Generator, do not modify.
      This element was generated on Mon May 01 14:50:27 ICT 2023.
    -->
    title, description, image
  </sql>
  <select id="selectByExampleWithBLOBs" parameterType="cinema.ticket.booking.model.MovieExample" resultMap="ResultMapWithBLOBs">
    <!--
      WARNING - @mbg.generated
      This element is automatically generated by MyBatis Generator, do not modify.
      This element was generated on Mon May 01 14:50:27 ICT 2023.
    -->
    select
    <if test="distinct">
      distinct
    </if>
    <include refid="Base_Column_List" />
    ,
    <include refid="Blob_Column_List" />
    from Movie
    <if test="_parameter != null">
      <include refid="Example_Where_Clause" />
    </if>
    <if test="orderByClause != null">
      order by ${orderByClause}
    </if>
  </select>
  <select id="selectByExample" parameterType="cinema.ticket.booking.model.MovieExample" resultMap="BaseResultMap">
    <!--
      WARNING - @mbg.generated
      This element is automatically generated by MyBatis Generator, do not modify.
      This element was generated on Mon May 01 14:50:27 ICT 2023.
    -->
    select
    <if test="distinct">
      distinct
    </if>
    <include refid="Base_Column_List" />
    from Movie
    <if test="_parameter != null">
      <include refid="Example_Where_Clause" />
    </if>
    <if test="orderByClause != null">
      order by ${orderByClause}
    </if>
  </select>
  <select id="selectByPrimaryKey" parameterType="java.lang.Integer" resultMap="ResultMapWithBLOBs">
    <!--
      WARNING - @mbg.generated
      This element is automatically generated by MyBatis Generator, do not modify.
      This element was generated on Mon May 01 14:50:27 ICT 2023.
    -->
    select 
    <include refid="Base_Column_List" />
    ,
    <include refid="Blob_Column_List" />
    from Movie
    where id = #{id,jdbcType=INTEGER}
  </select>
  <delete id="deleteByPrimaryKey" parameterType="java.lang.Integer">
    <!--
      WARNING - @mbg.generated
      This element is automatically generated by MyBatis Generator, do not modify.
      This element was generated on Mon May 01 14:50:27 ICT 2023.
    -->
    delete from Movie
    where id = #{id,jdbcType=INTEGER}
  </delete>
  <delete id="deleteByExample" parameterType="cinema.ticket.booking.model.MovieExample">
    <!--
      WARNING - @mbg.generated
      This element is automatically generated by MyBatis Generator, do not modify.
      This element was generated on Mon May 01 14:50:27 ICT 2023.
    -->
    delete from Movie
    <if test="_parameter != null">
      <include refid="Example_Where_Clause" />
    </if>
  </delete>
  <insert id="insert" parameterType="cinema.ticket.booking.model.MovieWithBLOBs">
    <!--
      WARNING - @mbg.generated
      This element is automatically generated by MyBatis Generator, do not modify.
      This element was generated on Mon May 01 14:50:27 ICT 2023.
    -->
    insert into Movie (id, durationInMins, language, 
      releaseDate, country, genre, 
      title, description, image
      )
    values (#{id,jdbcType=INTEGER}, #{durationinmins,jdbcType=INTEGER}, #{language,jdbcType=VARCHAR}, 
      #{releasedate,jdbcType=TIMESTAMP}, #{country,jdbcType=VARCHAR}, #{genre,jdbcType=VARCHAR}, 
      #{title,jdbcType=LONGVARCHAR}, #{description,jdbcType=LONGVARCHAR}, #{image,jdbcType=LONGVARCHAR}
      )
  </insert>
  <insert id="insertSelective" parameterType="cinema.ticket.booking.model.MovieWithBLOBs">
    <!--
      WARNING - @mbg.generated
      This element is automatically generated by MyBatis Generator, do not modify.
      This element was generated on Mon May 01 14:50:27 ICT 2023.
    -->
    insert into Movie
    <trim prefix="(" suffix=")" suffixOverrides=",">
      <if test="id != null">
        id,
      </if>
      <if test="durationinmins != null">
        durationInMins,
      </if>
      <if test="language != null">
        language,
      </if>
      <if test="releasedate != null">
        releaseDate,
      </if>
      <if test="country != null">
        country,
      </if>
      <if test="genre != null">
        genre,
      </if>
      <if test="title != null">
        title,
      </if>
      <if test="description != null">
        description,
      </if>
      <if test="image != null">
        image,
      </if>
    </trim>
    <trim prefix="values (" suffix=")" suffixOverrides=",">
      <if test="id != null">
        #{id,jdbcType=INTEGER},
      </if>
      <if test="durationinmins != null">
        #{durationinmins,jdbcType=INTEGER},
      </if>
      <if test="language != null">
        #{language,jdbcType=VARCHAR},
      </if>
      <if test="releasedate != null">
        #{releasedate,jdbcType=TIMESTAMP},
      </if>
      <if test="country != null">
        #{country,jdbcType=VARCHAR},
      </if>
      <if test="genre != null">
        #{genre,jdbcType=VARCHAR},
      </if>
      <if test="title != null">
        #{title,jdbcType=LONGVARCHAR},
      </if>
      <if test="description != null">
        #{description,jdbcType=LONGVARCHAR},
      </if>
      <if test="image != null">
        #{image,jdbcType=LONGVARCHAR},
      </if>
    </trim>
  </insert>
  <select id="countByExample" parameterType="cinema.ticket.booking.model.MovieExample" resultType="java.lang.Long">
    <!--
      WARNING - @mbg.generated
      This element is automatically generated by MyBatis Generator, do not modify.
      This element was generated on Mon May 01 14:50:27 ICT 2023.
    -->
    select count(*) from Movie
    <if test="_parameter != null">
      <include refid="Example_Where_Clause" />
    </if>
  </select>
  <update id="updateByExampleSelective" parameterType="map">
    <!--
      WARNING - @mbg.generated
      This element is automatically generated by MyBatis Generator, do not modify.
      This element was generated on Mon May 01 14:50:27 ICT 2023.
    -->
    update Movie
    <set>
      <if test="row.id != null">
        id = #{row.id,jdbcType=INTEGER},
      </if>
      <if test="row.durationinmins != null">
        durationInMins = #{row.durationinmins,jdbcType=INTEGER},
      </if>
      <if test="row.language != null">
        language = #{row.language,jdbcType=VARCHAR},
      </if>
      <if test="row.releasedate != null">
        releaseDate = #{row.releasedate,jdbcType=TIMESTAMP},
      </if>
      <if test="row.country != null">
        country = #{row.country,jdbcType=VARCHAR},
      </if>
      <if test="row.genre != null">
        genre = #{row.genre,jdbcType=VARCHAR},
      </if>
      <if test="row.title != null">
        title = #{row.title,jdbcType=LONGVARCHAR},
      </if>
      <if test="row.description != null">
        description = #{row.description,jdbcType=LONGVARCHAR},
      </if>
      <if test="row.image != null">
        image = #{row.image,jdbcType=LONGVARCHAR},
      </if>
    </set>
    <if test="example != null">
      <include refid="Update_By_Example_Where_Clause" />
    </if>
  </update>
  <update id="updateByExampleWithBLOBs" parameterType="map">
    <!--
      WARNING - @mbg.generated
      This element is automatically generated by MyBatis Generator, do not modify.
      This element was generated on Mon May 01 14:50:27 ICT 2023.
    -->
    update Movie
    set id = #{row.id,jdbcType=INTEGER},
      durationInMins = #{row.durationinmins,jdbcType=INTEGER},
      language = #{row.language,jdbcType=VARCHAR},
      releaseDate = #{row.releasedate,jdbcType=TIMESTAMP},
      country = #{row.country,jdbcType=VARCHAR},
      genre = #{row.genre,jdbcType=VARCHAR},
      title = #{row.title,jdbcType=LONGVARCHAR},
      description = #{row.description,jdbcType=LONGVARCHAR},
      image = #{row.image,jdbcType=LONGVARCHAR}
    <if test="example != null">
      <include refid="Update_By_Example_Where_Clause" />
    </if>
  </update>
  <update id="updateByExample" parameterType="map">
    <!--
      WARNING - @mbg.generated
      This element is automatically generated by MyBatis Generator, do not modify.
      This element was generated on Mon May 01 14:50:27 ICT 2023.
    -->
    update Movie
    set id = #{row.id,jdbcType=INTEGER},
      durationInMins = #{row.durationinmins,jdbcType=INTEGER},
      language = #{row.language,jdbcType=VARCHAR},
      releaseDate = #{row.releasedate,jdbcType=TIMESTAMP},
      country = #{row.country,jdbcType=VARCHAR},
      genre = #{row.genre,jdbcType=VARCHAR}
    <if test="example != null">
      <include refid="Update_By_Example_Where_Clause" />
    </if>
  </update>
  <update id="updateByPrimaryKeySelective" parameterType="cinema.ticket.booking.model.MovieWithBLOBs">
    <!--
      WARNING - @mbg.generated
      This element is automatically generated by MyBatis Generator, do not modify.
      This element was generated on Mon May 01 14:50:27 ICT 2023.
    -->
    update Movie
    <set>
      <if test="durationinmins != null">
        durationInMins = #{durationinmins,jdbcType=INTEGER},
      </if>
      <if test="language != null">
        language = #{language,jdbcType=VARCHAR},
      </if>
      <if test="releasedate != null">
        releaseDate = #{releasedate,jdbcType=TIMESTAMP},
      </if>
      <if test="country != null">
        country = #{country,jdbcType=VARCHAR},
      </if>
      <if test="genre != null">
        genre = #{genre,jdbcType=VARCHAR},
      </if>
      <if test="title != null">
        title = #{title,jdbcType=LONGVARCHAR},
      </if>
      <if test="description != null">
        description = #{description,jdbcType=LONGVARCHAR},
      </if>
      <if test="image != null">
        image = #{image,jdbcType=LONGVARCHAR},
      </if>
    </set>
    where id = #{id,jdbcType=INTEGER}
  </update>
  <update id="updateByPrimaryKeyWithBLOBs" parameterType="cinema.ticket.booking.model.MovieWithBLOBs">
    <!--
      WARNING - @mbg.generated
      This element is automatically generated by MyBatis Generator, do not modify.
      This element was generated on Mon May 01 14:50:27 ICT 2023.
    -->
    update Movie
    set durationInMins = #{durationinmins,jdbcType=INTEGER},
      language = #{language,jdbcType=VARCHAR},
      releaseDate = #{releasedate,jdbcType=TIMESTAMP},
      country = #{country,jdbcType=VARCHAR},
      genre = #{genre,jdbcType=VARCHAR},
      title = #{title,jdbcType=LONGVARCHAR},
      description = #{description,jdbcType=LONGVARCHAR},
      image = #{image,jdbcType=LONGVARCHAR}
    where id = #{id,jdbcType=INTEGER}
  </update>
  <update id="updateByPrimaryKey" parameterType="cinema.ticket.booking.model.Movie">
    <!--
      WARNING - @mbg.generated
      This element is automatically generated by MyBatis Generator, do not modify.
      This element was generated on Mon May 01 14:50:27 ICT 2023.
    -->
    update Movie
    set durationInMins = #{durationinmins,jdbcType=INTEGER},
      language = #{language,jdbcType=VARCHAR},
      releaseDate = #{releasedate,jdbcType=TIMESTAMP},
      country = #{country,jdbcType=VARCHAR},
      genre = #{genre,jdbcType=VARCHAR}
    where id = #{id,jdbcType=INTEGER}
  </update>
</mapper>