<?xml version="1.0" encoding="UTF-8"?>
<!DOCTYPE mapper PUBLIC "-//mybatis.org//DTD Mapper 3.0//EN" "http://mybatis.org/dtd/mybatis-3-mapper.dtd">
<mapper namespace="cinema.ticket.booking.mapper.NotificationMapper">
  <resultMap id="BaseResultMap" type="cinema.ticket.booking.model.Notification">
    <!--
      WARNING - @mbg.generated
      This element is automatically generated by MyBatis Generator, do not modify.
      This element was generated on Mon May 01 14:51:25 ICT 2023.
    -->
    <id column="notificationId" jdbcType="INTEGER" property="notificationid" />
    <result column="accountId" jdbcType="VARCHAR" property="accountid" />
    <result column="createdOn" jdbcType="TIMESTAMP" property="createdon" />
  </resultMap>
  <resultMap extends="BaseResultMap" id="ResultMapWithBLOBs" type="cinema.ticket.booking.model.Notification">
    <!--
      WARNING - @mbg.generated
      This element is automatically generated by MyBatis Generator, do not modify.
      This element was generated on Mon May 01 14:51:25 ICT 2023.
    -->
    <result column="content" jdbcType="LONGVARCHAR" property="content" />
  </resultMap>
  <sql id="Example_Where_Clause">
    <!--
      WARNING - @mbg.generated
      This element is automatically generated by MyBatis Generator, do not modify.
      This element was generated on Mon May 01 14:51:25 ICT 2023.
    -->
    <where>
      <foreach collection="oredCriteria" item="criteria" separator="or">
        <if test="criteria.valid">
          <trim prefix="(" prefixOverrides="and" suffix=")">
            <foreach collection="criteria.criteria" item="criterion">
              <choose>
                <when test="criterion.noValue">
                  and ${criterion.condition}
                </when>
                <when test="criterion.singleValue">
                  and ${criterion.condition} #{criterion.value}
                </when>
                <when test="criterion.betweenValue">
                  and ${criterion.condition} #{criterion.value} and #{criterion.secondValue}
                </when>
                <when test="criterion.listValue">
                  and ${criterion.condition}
                  <foreach close=")" collection="criterion.value" item="listItem" open="(" separator=",">
                    #{listItem}
                  </foreach>
                </when>
              </choose>
            </foreach>
          </trim>
        </if>
      </foreach>
    </where>
  </sql>
  <sql id="Update_By_Example_Where_Clause">
    <!--
      WARNING - @mbg.generated
      This element is automatically generated by MyBatis Generator, do not modify.
      This element was generated on Mon May 01 14:51:25 ICT 2023.
    -->
    <where>
      <foreach collection="example.oredCriteria" item="criteria" separator="or">
        <if test="criteria.valid">
          <trim prefix="(" prefixOverrides="and" suffix=")">
            <foreach collection="criteria.criteria" item="criterion">
              <choose>
                <when test="criterion.noValue">
                  and ${criterion.condition}
                </when>
                <when test="criterion.singleValue">
                  and ${criterion.condition} #{criterion.value}
                </when>
                <when test="criterion.betweenValue">
                  and ${criterion.condition} #{criterion.value} and #{criterion.secondValue}
                </when>
                <when test="criterion.listValue">
                  and ${criterion.condition}
                  <foreach close=")" collection="criterion.value" item="listItem" open="(" separator=",">
                    #{listItem}
                  </foreach>
                </when>
              </choose>
            </foreach>
          </trim>
        </if>
      </foreach>
    </where>
  </sql>
  <sql id="Base_Column_List">
    <!--
      WARNING - @mbg.generated
      This element is automatically generated by MyBatis Generator, do not modify.
      This element was generated on Mon May 01 14:51:25 ICT 2023.
    -->
    notificationId, accountId, createdOn
  </sql>
  <sql id="Blob_Column_List">
    <!--
      WARNING - @mbg.generated
      This element is automatically generated by MyBatis Generator, do not modify.
      This element was generated on Mon May 01 14:51:25 ICT 2023.
    -->
    content
  </sql>
  <select id="selectByExampleWithBLOBs" parameterType="cinema.ticket.booking.model.NotificationExample" resultMap="ResultMapWithBLOBs">
    <!--
      WARNING - @mbg.generated
      This element is automatically generated by MyBatis Generator, do not modify.
      This element was generated on Mon May 01 14:51:25 ICT 2023.
    -->
    select
    <if test="distinct">
      distinct
    </if>
    <include refid="Base_Column_List" />
    ,
    <include refid="Blob_Column_List" />
    from Notification
    <if test="_parameter != null">
      <include refid="Example_Where_Clause" />
    </if>
    <if test="orderByClause != null">
      order by ${orderByClause}
    </if>
  </select>
  <select id="selectByExample" parameterType="cinema.ticket.booking.model.NotificationExample" resultMap="BaseResultMap">
    <!--
      WARNING - @mbg.generated
      This element is automatically generated by MyBatis Generator, do not modify.
      This element was generated on Mon May 01 14:51:25 ICT 2023.
    -->
    select
    <if test="distinct">
      distinct
    </if>
    <include refid="Base_Column_List" />
    from Notification
    <if test="_parameter != null">
      <include refid="Example_Where_Clause" />
    </if>
    <if test="orderByClause != null">
      order by ${orderByClause}
    </if>
  </select>
  <select id="selectByPrimaryKey" parameterType="java.lang.Integer" resultMap="ResultMapWithBLOBs">
    <!--
      WARNING - @mbg.generated
      This element is automatically generated by MyBatis Generator, do not modify.
      This element was generated on Mon May 01 14:51:25 ICT 2023.
    -->
    select 
    <include refid="Base_Column_List" />
    ,
    <include refid="Blob_Column_List" />
    from Notification
    where notificationId = #{notificationid,jdbcType=INTEGER}
  </select>
  <delete id="deleteByPrimaryKey" parameterType="java.lang.Integer">
    <!--
      WARNING - @mbg.generated
      This element is automatically generated by MyBatis Generator, do not modify.
      This element was generated on Mon May 01 14:51:25 ICT 2023.
    -->
    delete from Notification
    where notificationId = #{notificationid,jdbcType=INTEGER}
  </delete>
  <delete id="deleteByExample" parameterType="cinema.ticket.booking.model.NotificationExample">
    <!--
      WARNING - @mbg.generated
      This element is automatically generated by MyBatis Generator, do not modify.
      This element was generated on Mon May 01 14:51:25 ICT 2023.
    -->
    delete from Notification
    <if test="_parameter != null">
      <include refid="Example_Where_Clause" />
    </if>
  </delete>
  <insert id="insert" parameterType="cinema.ticket.booking.model.Notification">
    <!--
      WARNING - @mbg.generated
      This element is automatically generated by MyBatis Generator, do not modify.
      This element was generated on Mon May 01 14:51:25 ICT 2023.
    -->
    insert into Notification (notificationId, accountId, createdOn, 
      content)
    values (#{notificationid,jdbcType=INTEGER}, #{accountid,jdbcType=VARCHAR}, #{createdon,jdbcType=TIMESTAMP}, 
      #{content,jdbcType=LONGVARCHAR})
  </insert>
  <insert id="insertSelective" parameterType="cinema.ticket.booking.model.Notification">
    <!--
      WARNING - @mbg.generated
      This element is automatically generated by MyBatis Generator, do not modify.
      This element was generated on Mon May 01 14:51:25 ICT 2023.
    -->
    insert into Notification
    <trim prefix="(" suffix=")" suffixOverrides=",">
      <if test="notificationid != null">
        notificationId,
      </if>
      <if test="accountid != null">
        accountId,
      </if>
      <if test="createdon != null">
        createdOn,
      </if>
      <if test="content != null">
        content,
      </if>
    </trim>
    <trim prefix="values (" suffix=")" suffixOverrides=",">
      <if test="notificationid != null">
        #{notificationid,jdbcType=INTEGER},
      </if>
      <if test="accountid != null">
        #{accountid,jdbcType=VARCHAR},
      </if>
      <if test="createdon != null">
        #{createdon,jdbcType=TIMESTAMP},
      </if>
      <if test="content != null">
        #{content,jdbcType=LONGVARCHAR},
      </if>
    </trim>
  </insert>
  <select id="countByExample" parameterType="cinema.ticket.booking.model.NotificationExample" resultType="java.lang.Long">
    <!--
      WARNING - @mbg.generated
      This element is automatically generated by MyBatis Generator, do not modify.
      This element was generated on Mon May 01 14:51:25 ICT 2023.
    -->
    select count(*) from Notification
    <if test="_parameter != null">
      <include refid="Example_Where_Clause" />
    </if>
  </select>
  <update id="updateByExampleSelective" parameterType="map">
    <!--
      WARNING - @mbg.generated
      This element is automatically generated by MyBatis Generator, do not modify.
      This element was generated on Mon May 01 14:51:25 ICT 2023.
    -->
    update Notification
    <set>
      <if test="row.notificationid != null">
        notificationId = #{row.notificationid,jdbcType=INTEGER},
      </if>
      <if test="row.accountid != null">
        accountId = #{row.accountid,jdbcType=VARCHAR},
      </if>
      <if test="row.createdon != null">
        createdOn = #{row.createdon,jdbcType=TIMESTAMP},
      </if>
      <if test="row.content != null">
        content = #{row.content,jdbcType=LONGVARCHAR},
      </if>
    </set>
    <if test="example != null">
      <include refid="Update_By_Example_Where_Clause" />
    </if>
  </update>
  <update id="updateByExampleWithBLOBs" parameterType="map">
    <!--
      WARNING - @mbg.generated
      This element is automatically generated by MyBatis Generator, do not modify.
      This element was generated on Mon May 01 14:51:25 ICT 2023.
    -->
    update Notification
    set notificationId = #{row.notificationid,jdbcType=INTEGER},
      accountId = #{row.accountid,jdbcType=VARCHAR},
      createdOn = #{row.createdon,jdbcType=TIMESTAMP},
      content = #{row.content,jdbcType=LONGVARCHAR}
    <if test="example != null">
      <include refid="Update_By_Example_Where_Clause" />
    </if>
  </update>
  <update id="updateByExample" parameterType="map">
    <!--
      WARNING - @mbg.generated
      This element is automatically generated by MyBatis Generator, do not modify.
      This element was generated on Mon May 01 14:51:25 ICT 2023.
    -->
    update Notification
    set notificationId = #{row.notificationid,jdbcType=INTEGER},
      accountId = #{row.accountid,jdbcType=VARCHAR},
      createdOn = #{row.createdon,jdbcType=TIMESTAMP}
    <if test="example != null">
      <include refid="Update_By_Example_Where_Clause" />
    </if>
  </update>
  <update id="updateByPrimaryKeySelective" parameterType="cinema.ticket.booking.model.Notification">
    <!--
      WARNING - @mbg.generated
      This element is automatically generated by MyBatis Generator, do not modify.
      This element was generated on Mon May 01 14:51:25 ICT 2023.
    -->
    update Notification
    <set>
      <if test="accountid != null">
        accountId = #{accountid,jdbcType=VARCHAR},
      </if>
      <if test="createdon != null">
        createdOn = #{createdon,jdbcType=TIMESTAMP},
      </if>
      <if test="content != null">
        content = #{content,jdbcType=LONGVARCHAR},
      </if>
    </set>
    where notificationId = #{notificationid,jdbcType=INTEGER}
  </update>
  <update id="updateByPrimaryKeyWithBLOBs" parameterType="cinema.ticket.booking.model.Notification">
    <!--
      WARNING - @mbg.generated
      This element is automatically generated by MyBatis Generator, do not modify.
      This element was generated on Mon May 01 14:51:25 ICT 2023.
    -->
    update Notification
    set accountId = #{accountid,jdbcType=VARCHAR},
      createdOn = #{createdon,jdbcType=TIMESTAMP},
      content = #{content,jdbcType=LONGVARCHAR}
    where notificationId = #{notificationid,jdbcType=INTEGER}
  </update>
  <update id="updateByPrimaryKey" parameterType="cinema.ticket.booking.model.Notification">
    <!--
      WARNING - @mbg.generated
      This element is automatically generated by MyBatis Generator, do not modify.
      This element was generated on Mon May 01 14:51:25 ICT 2023.
    -->
    update Notification
    set accountId = #{accountid,jdbcType=VARCHAR},
      createdOn = #{createdon,jdbcType=TIMESTAMP}
    where notificationId = #{notificationid,jdbcType=INTEGER}
  </update>
</mapper>