<?xml version="1.0" encoding="UTF-8"?>
<!DOCTYPE mapper PUBLIC "-//mybatis.org//DTD Mapper 3.0//EN" "http://mybatis.org/dtd/mybatis-3-mapper.dtd">
<mapper namespace="cinema.ticket.booking.mapper.ShowMapper">
  <resultMap id="BaseResultMap" type="cinema.ticket.booking.model.Show">
    <!--
      WARNING - @mbg.generated
      This element is automatically generated by MyBatis Generator, do not modify.
      This element was generated on Mon May 01 14:51:46 ICT 2023.
    -->
    <id column="showId" jdbcType="INTEGER" property="showid" />
    <result column="movieId" jdbcType="INTEGER" property="movieid" />
    <result column="createdOn" jdbcType="TIMESTAMP" property="createdon" />
    <result column="startTime" jdbcType="TIMESTAMP" property="starttime" />
    <result column="endTime" jdbcType="TIMESTAMP" property="endtime" />
  </resultMap>
  <sql id="Example_Where_Clause">
    <!--
      WARNING - @mbg.generated
      This element is automatically generated by MyBatis Generator, do not modify.
      This element was generated on Mon May 01 14:51:46 ICT 2023.
    -->
    <where>
      <foreach collection="oredCriteria" item="criteria" separator="or">
        <if test="criteria.valid">
          <trim prefix="(" prefixOverrides="and" suffix=")">
            <foreach collection="criteria.criteria" item="criterion">
              <choose>
                <when test="criterion.noValue">
                  and ${criterion.condition}
                </when>
                <when test="criterion.singleValue">
                  and ${criterion.condition} #{criterion.value}
                </when>
                <when test="criterion.betweenValue">
                  and ${criterion.condition} #{criterion.value} and #{criterion.secondValue}
                </when>
                <when test="criterion.listValue">
                  and ${criterion.condition}
                  <foreach close=")" collection="criterion.value" item="listItem" open="(" separator=",">
                    #{listItem}
                  </foreach>
                </when>
              </choose>
            </foreach>
          </trim>
        </if>
      </foreach>
    </where>
  </sql>
  <sql id="Update_By_Example_Where_Clause">
    <!--
      WARNING - @mbg.generated
      This element is automatically generated by MyBatis Generator, do not modify.
      This element was generated on Mon May 01 14:51:46 ICT 2023.
    -->
    <where>
      <foreach collection="example.oredCriteria" item="criteria" separator="or">
        <if test="criteria.valid">
          <trim prefix="(" prefixOverrides="and" suffix=")">
            <foreach collection="criteria.criteria" item="criterion">
              <choose>
                <when test="criterion.noValue">
                  and ${criterion.condition}
                </when>
                <when test="criterion.singleValue">
                  and ${criterion.condition} #{criterion.value}
                </when>
                <when test="criterion.betweenValue">
                  and ${criterion.condition} #{criterion.value} and #{criterion.secondValue}
                </when>
                <when test="criterion.listValue">
                  and ${criterion.condition}
                  <foreach close=")" collection="criterion.value" item="listItem" open="(" separator=",">
                    #{listItem}
                  </foreach>
                </when>
              </choose>
            </foreach>
          </trim>
        </if>
      </foreach>
    </where>
  </sql>
  <sql id="Base_Column_List">
    <!--
      WARNING - @mbg.generated
      This element is automatically generated by MyBatis Generator, do not modify.
      This element was generated on Mon May 01 14:51:46 ICT 2023.
    -->
    showId, movieId, createdOn, startTime, endTime
  </sql>
  <select id="selectByExample" parameterType="cinema.ticket.booking.model.ShowExample" resultMap="BaseResultMap">
    <!--
      WARNING - @mbg.generated
      This element is automatically generated by MyBatis Generator, do not modify.
      This element was generated on Mon May 01 14:51:46 ICT 2023.
    -->
    select
    <if test="distinct">
      distinct
    </if>
    <include refid="Base_Column_List" />
    from Show
    <if test="_parameter != null">
      <include refid="Example_Where_Clause" />
    </if>
    <if test="orderByClause != null">
      order by ${orderByClause}
    </if>
  </select>
  <select id="selectByPrimaryKey" parameterType="java.lang.Integer" resultMap="BaseResultMap">
    <!--
      WARNING - @mbg.generated
      This element is automatically generated by MyBatis Generator, do not modify.
      This element was generated on Mon May 01 14:51:46 ICT 2023.
    -->
    select 
    <include refid="Base_Column_List" />
    from Show
    where showId = #{showid,jdbcType=INTEGER}
  </select>
  <delete id="deleteByPrimaryKey" parameterType="java.lang.Integer">
    <!--
      WARNING - @mbg.generated
      This element is automatically generated by MyBatis Generator, do not modify.
      This element was generated on Mon May 01 14:51:46 ICT 2023.
    -->
    delete from Show
    where showId = #{showid,jdbcType=INTEGER}
  </delete>
  <delete id="deleteByExample" parameterType="cinema.ticket.booking.model.ShowExample">
    <!--
      WARNING - @mbg.generated
      This element is automatically generated by MyBatis Generator, do not modify.
      This element was generated on Mon May 01 14:51:46 ICT 2023.
    -->
    delete from Show
    <if test="_parameter != null">
      <include refid="Example_Where_Clause" />
    </if>
  </delete>
  <insert id="insert" parameterType="cinema.ticket.booking.model.Show">
    <!--
      WARNING - @mbg.generated
      This element is automatically generated by MyBatis Generator, do not modify.
      This element was generated on Mon May 01 14:51:46 ICT 2023.
    -->
    insert into Show (showId, movieId, createdOn, 
      startTime, endTime)
    values (#{showid,jdbcType=INTEGER}, #{movieid,jdbcType=INTEGER}, #{createdon,jdbcType=TIMESTAMP}, 
      #{starttime,jdbcType=TIMESTAMP}, #{endtime,jdbcType=TIMESTAMP})
  </insert>
  <insert id="insertSelective" parameterType="cinema.ticket.booking.model.Show">
    <!--
      WARNING - @mbg.generated
      This element is automatically generated by MyBatis Generator, do not modify.
      This element was generated on Mon May 01 14:51:46 ICT 2023.
    -->
    insert into Show
    <trim prefix="(" suffix=")" suffixOverrides=",">
      <if test="showid != null">
        showId,
      </if>
      <if test="movieid != null">
        movieId,
      </if>
      <if test="createdon != null">
        createdOn,
      </if>
      <if test="starttime != null">
        startTime,
      </if>
      <if test="endtime != null">
        endTime,
      </if>
    </trim>
    <trim prefix="values (" suffix=")" suffixOverrides=",">
      <if test="showid != null">
        #{showid,jdbcType=INTEGER},
      </if>
      <if test="movieid != null">
        #{movieid,jdbcType=INTEGER},
      </if>
      <if test="createdon != null">
        #{createdon,jdbcType=TIMESTAMP},
      </if>
      <if test="starttime != null">
        #{starttime,jdbcType=TIMESTAMP},
      </if>
      <if test="endtime != null">
        #{endtime,jdbcType=TIMESTAMP},
      </if>
    </trim>
  </insert>
  <select id="countByExample" parameterType="cinema.ticket.booking.model.ShowExample" resultType="java.lang.Long">
    <!--
      WARNING - @mbg.generated
      This element is automatically generated by MyBatis Generator, do not modify.
      This element was generated on Mon May 01 14:51:46 ICT 2023.
    -->
    select count(*) from Show
    <if test="_parameter != null">
      <include refid="Example_Where_Clause" />
    </if>
  </select>
  <update id="updateByExampleSelective" parameterType="map">
    <!--
      WARNING - @mbg.generated
      This element is automatically generated by MyBatis Generator, do not modify.
      This element was generated on Mon May 01 14:51:46 ICT 2023.
    -->
    update Show
    <set>
      <if test="row.showid != null">
        showId = #{row.showid,jdbcType=INTEGER},
      </if>
      <if test="row.movieid != null">
        movieId = #{row.movieid,jdbcType=INTEGER},
      </if>
      <if test="row.createdon != null">
        createdOn = #{row.createdon,jdbcType=TIMESTAMP},
      </if>
      <if test="row.starttime != null">
        startTime = #{row.starttime,jdbcType=TIMESTAMP},
      </if>
      <if test="row.endtime != null">
        endTime = #{row.endtime,jdbcType=TIMESTAMP},
      </if>
    </set>
    <if test="example != null">
      <include refid="Update_By_Example_Where_Clause" />
    </if>
  </update>
  <update id="updateByExample" parameterType="map">
    <!--
      WARNING - @mbg.generated
      This element is automatically generated by MyBatis Generator, do not modify.
      This element was generated on Mon May 01 14:51:46 ICT 2023.
    -->
    update Show
    set showId = #{row.showid,jdbcType=INTEGER},
      movieId = #{row.movieid,jdbcType=INTEGER},
      createdOn = #{row.createdon,jdbcType=TIMESTAMP},
      startTime = #{row.starttime,jdbcType=TIMESTAMP},
      endTime = #{row.endtime,jdbcType=TIMESTAMP}
    <if test="example != null">
      <include refid="Update_By_Example_Where_Clause" />
    </if>
  </update>
  <update id="updateByPrimaryKeySelective" parameterType="cinema.ticket.booking.model.Show">
    <!--
      WARNING - @mbg.generated
      This element is automatically generated by MyBatis Generator, do not modify.
      This element was generated on Mon May 01 14:51:46 ICT 2023.
    -->
    update Show
    <set>
      <if test="movieid != null">
        movieId = #{movieid,jdbcType=INTEGER},
      </if>
      <if test="createdon != null">
        createdOn = #{createdon,jdbcType=TIMESTAMP},
      </if>
      <if test="starttime != null">
        startTime = #{starttime,jdbcType=TIMESTAMP},
      </if>
      <if test="endtime != null">
        endTime = #{endtime,jdbcType=TIMESTAMP},
      </if>
    </set>
    where showId = #{showid,jdbcType=INTEGER}
  </update>
  <update id="updateByPrimaryKey" parameterType="cinema.ticket.booking.model.Show">
    <!--
      WARNING - @mbg.generated
      This element is automatically generated by MyBatis Generator, do not modify.
      This element was generated on Mon May 01 14:51:46 ICT 2023.
    -->
    update Show
    set movieId = #{movieid,jdbcType=INTEGER},
      createdOn = #{createdon,jdbcType=TIMESTAMP},
      startTime = #{starttime,jdbcType=TIMESTAMP},
      endTime = #{endtime,jdbcType=TIMESTAMP}
    where showId = #{showid,jdbcType=INTEGER}
  </update>
</mapper>