<?xml version="1.0" encoding="UTF-8"?>
<!DOCTYPE mapper PUBLIC "-//mybatis.org//DTD Mapper 3.0//EN" "http://mybatis.org/dtd/mybatis-3-mapper.dtd">
<mapper namespace="cinema.ticket.booking.mapper.ShowSeatMapper">
  <resultMap id="BaseResultMap" type="cinema.ticket.booking.model.ShowSeat">
    <!--
      WARNING - @mbg.generated
      This element is automatically generated by MyBatis Generator, do not modify.
      This element was generated on Mon May 01 14:52:07 ICT 2023.
    -->
    <result column="seatNumber" jdbcType="INTEGER" property="seatnumber" />
    <result column="showId" jdbcType="INTEGER" property="showid" />
    <result column="isReserved" jdbcType="TINYINT" property="isreserved" />
    <result column="price" jdbcType="DOUBLE" property="price" />
  </resultMap>
  <sql id="Example_Where_Clause">
    <!--
      WARNING - @mbg.generated
      This element is automatically generated by MyBatis Generator, do not modify.
      This element was generated on Mon May 01 14:52:07 ICT 2023.
    -->
    <where>
      <foreach collection="oredCriteria" item="criteria" separator="or">
        <if test="criteria.valid">
          <trim prefix="(" prefixOverrides="and" suffix=")">
            <foreach collection="criteria.criteria" item="criterion">
              <choose>
                <when test="criterion.noValue">
                  and ${criterion.condition}
                </when>
                <when test="criterion.singleValue">
                  and ${criterion.condition} #{criterion.value}
                </when>
                <when test="criterion.betweenValue">
                  and ${criterion.condition} #{criterion.value} and #{criterion.secondValue}
                </when>
                <when test="criterion.listValue">
                  and ${criterion.condition}
                  <foreach close=")" collection="criterion.value" item="listItem" open="(" separator=",">
                    #{listItem}
                  </foreach>
                </when>
              </choose>
            </foreach>
          </trim>
        </if>
      </foreach>
    </where>
  </sql>
  <sql id="Update_By_Example_Where_Clause">
    <!--
      WARNING - @mbg.generated
      This element is automatically generated by MyBatis Generator, do not modify.
      This element was generated on Mon May 01 14:52:07 ICT 2023.
    -->
    <where>
      <foreach collection="example.oredCriteria" item="criteria" separator="or">
        <if test="criteria.valid">
          <trim prefix="(" prefixOverrides="and" suffix=")">
            <foreach collection="criteria.criteria" item="criterion">
              <choose>
                <when test="criterion.noValue">
                  and ${criterion.condition}
                </when>
                <when test="criterion.singleValue">
                  and ${criterion.condition} #{criterion.value}
                </when>
                <when test="criterion.betweenValue">
                  and ${criterion.condition} #{criterion.value} and #{criterion.secondValue}
                </when>
                <when test="criterion.listValue">
                  and ${criterion.condition}
                  <foreach close=")" collection="criterion.value" item="listItem" open="(" separator=",">
                    #{listItem}
                  </foreach>
                </when>
              </choose>
            </foreach>
          </trim>
        </if>
      </foreach>
    </where>
  </sql>
  <sql id="Base_Column_List">
    <!--
      WARNING - @mbg.generated
      This element is automatically generated by MyBatis Generator, do not modify.
      This element was generated on Mon May 01 14:52:07 ICT 2023.
    -->
    seatNumber, showId, isReserved, price
  </sql>
  <select id="selectByExample" parameterType="cinema.ticket.booking.model.ShowSeatExample" resultMap="BaseResultMap">
    <!--
      WARNING - @mbg.generated
      This element is automatically generated by MyBatis Generator, do not modify.
      This element was generated on Mon May 01 14:52:07 ICT 2023.
    -->
    select
    <if test="distinct">
      distinct
    </if>
    <include refid="Base_Column_List" />
    from ShowSeat
    <if test="_parameter != null">
      <include refid="Example_Where_Clause" />
    </if>
    <if test="orderByClause != null">
      order by ${orderByClause}
    </if>
  </select>
  <delete id="deleteByExample" parameterType="cinema.ticket.booking.model.ShowSeatExample">
    <!--
      WARNING - @mbg.generated
      This element is automatically generated by MyBatis Generator, do not modify.
      This element was generated on Mon May 01 14:52:07 ICT 2023.
    -->
    delete from ShowSeat
    <if test="_parameter != null">
      <include refid="Example_Where_Clause" />
    </if>
  </delete>
  <insert id="insert" parameterType="cinema.ticket.booking.model.ShowSeat">
    <!--
      WARNING - @mbg.generated
      This element is automatically generated by MyBatis Generator, do not modify.
      This element was generated on Mon May 01 14:52:07 ICT 2023.
    -->
    insert into ShowSeat (seatNumber, showId, isReserved, 
      price)
    values (#{seatnumber,jdbcType=INTEGER}, #{showid,jdbcType=INTEGER}, #{isreserved,jdbcType=TINYINT}, 
      #{price,jdbcType=DOUBLE})
  </insert>
  <insert id="insertSelective" parameterType="cinema.ticket.booking.model.ShowSeat">
    <!--
      WARNING - @mbg.generated
      This element is automatically generated by MyBatis Generator, do not modify.
      This element was generated on Mon May 01 14:52:07 ICT 2023.
    -->
    insert into ShowSeat
    <trim prefix="(" suffix=")" suffixOverrides=",">
      <if test="seatnumber != null">
        seatNumber,
      </if>
      <if test="showid != null">
        showId,
      </if>
      <if test="isreserved != null">
        isReserved,
      </if>
      <if test="price != null">
        price,
      </if>
    </trim>
    <trim prefix="values (" suffix=")" suffixOverrides=",">
      <if test="seatnumber != null">
        #{seatnumber,jdbcType=INTEGER},
      </if>
      <if test="showid != null">
        #{showid,jdbcType=INTEGER},
      </if>
      <if test="isreserved != null">
        #{isreserved,jdbcType=TINYINT},
      </if>
      <if test="price != null">
        #{price,jdbcType=DOUBLE},
      </if>
    </trim>
  </insert>
  <select id="countByExample" parameterType="cinema.ticket.booking.model.ShowSeatExample" resultType="java.lang.Long">
    <!--
      WARNING - @mbg.generated
      This element is automatically generated by MyBatis Generator, do not modify.
      This element was generated on Mon May 01 14:52:07 ICT 2023.
    -->
    select count(*) from ShowSeat
    <if test="_parameter != null">
      <include refid="Example_Where_Clause" />
    </if>
  </select>
  <update id="updateByExampleSelective" parameterType="map">
    <!--
      WARNING - @mbg.generated
      This element is automatically generated by MyBatis Generator, do not modify.
      This element was generated on Mon May 01 14:52:07 ICT 2023.
    -->
    update ShowSeat
    <set>
      <if test="row.seatnumber != null">
        seatNumber = #{row.seatnumber,jdbcType=INTEGER},
      </if>
      <if test="row.showid != null">
        showId = #{row.showid,jdbcType=INTEGER},
      </if>
      <if test="row.isreserved != null">
        isReserved = #{row.isreserved,jdbcType=TINYINT},
      </if>
      <if test="row.price != null">
        price = #{row.price,jdbcType=DOUBLE},
      </if>
    </set>
    <if test="example != null">
      <include refid="Update_By_Example_Where_Clause" />
    </if>
  </update>
  <update id="updateByExample" parameterType="map">
    <!--
      WARNING - @mbg.generated
      This element is automatically generated by MyBatis Generator, do not modify.
      This element was generated on Mon May 01 14:52:07 ICT 2023.
    -->
    update ShowSeat
    set seatNumber = #{row.seatnumber,jdbcType=INTEGER},
      showId = #{row.showid,jdbcType=INTEGER},
      isReserved = #{row.isreserved,jdbcType=TINYINT},
      price = #{row.price,jdbcType=DOUBLE}
    <if test="example != null">
      <include refid="Update_By_Example_Where_Clause" />
    </if>
  </update>
</mapper>